{
    "ZH_ALT0L1Zgf05ph0_125_2018": 1.1989097595214844, 
    "ZH_ALT0M_125_2017": 1.0435991287231445, 
    "wh_ALT_0M_125_2018": 1.8507248163223267, 
    "WH_ALT0PH_125_2017": 1.9123972654342651, 
    "wh_ALT_0M_125_2016postVFP": 1.763871669769287, 
    "VBF_ALT_L1_125_2016preVFP": 3.7570157051086426, 
    "WH_ALT0PH_125_2018": 1.9309591054916382, 
    "ZH_ALT0PH_125_2016preVFP": 1.3017263412475586, 
    "VBF_120_2016preVFP": 5.53654670715332, 
    "QQ2HLL_125_2017": 1.160643219947815, 
    "VBF_125_2016postVFP": 5.257660865783691, 
    "WMINUSH2HQQ_125_2017": 1.0400376319885254, 
    "VBF_ALT_0PHf05_125_2016preVFP": 5.289504051208496, 
    "VBF_ALT_0Mf05_125_2018": 4.4438371658325195, 
    "VBF_ALT_L1Zgf05_125_2016postVFP": 4.689101696014404, 
    "ZH_ALT0L1Zg_125_2018": 0.8740636110305786, 
    "VBF_120_2016postVFP": 5.2456374168396, 
    "wh_ALT_0Mf05_125_2018": 1.9303120374679565, 
    "QQ2HLL_120_2018": 1.4105761051177979, 
    "WPLUSH2HQQ_125_2016postVFP": 0.9292153120040894, 
    "VBF_125_2016preVFP": 5.616977214813232, 
    "QQ2HLL_130_2016preVFP": 1.3961467742919922, 
    "wh_ALT_0Mf05_125_2017": 1.9605364799499512, 
    "QQ2HLL_120_2016preVFP": 1.3909958600997925, 
    "VBF_ALT_0M_125_2016postVFP": 3.3905715942382812, 
    "TTH_125_2016preVFP": 0.7012138366699219, 
    "VBF_ALT_L1Zgf05_125_2018": 4.340205669403076, 
    "ZH_ALT0PHf05ph0_125_2018": 1.1562162637710571, 
    "TTH_120_2018": 0.7118246555328369, 
    "WMINUSH2HQQ_130_2016postVFP": 1.0295274257659912, 
    "wh_ALT_0Mf05_125_2016postVFP": 1.91534423828125, 
    "TTH_120_2017": 0.738832414150238, 
    "VBF_ALT_0PH_125_2017": 4.570183277130127, 
    "VBF_ALT_L1Zg_125_2017": 3.7132153511047363, 
    "QQ2HLL_120_2017": 1.3851238489151, 
    "WPLUSH2HQQ_125_2018": 1.1250399351119995, 
    "WMINUSH2HQQ_120_2016preVFP": 1.0412663221359253, 
    "ZH_ALT0PHf05ph0_125_2017": 1.1000185012817383, 
    "VBF_ALT_0PH_125_2018": 4.394056797027588, 
    "WPLUSH2HQQ_125_2017": 1.102858066558838, 
    "WPLUSH2HQQ_120_2016preVFP": 1.0991027355194092, 
    "VBF_ALT_L1Zgf05_125_2017": 4.583035945892334, 
    "ZH_ALT0L1Zgf05ph0_125_2016preVFP": 1.116413950920105, 
    "WH_ALT0PHf05ph0_125_2018": 1.8904783725738525, 
    "VBF_ALT_L1Zg_125_2018": 3.7132153511047363, 
    "QQ2HLL_120_2016postVFP": 0.9669924378395081, 
    "GG2H_125_2018": 69.89240264892578, 
    "ZH_ALT0M_125_2016preVFP": 1.3489832878112793, 
    "WMINUSH2HQQ_120_2016postVFP": 0.025082401931285858, 
    "WH_ALT0PH_125_2016preVFP": 2.034543991088867, 
    "VBF_ALT_L1_125_2016postVFP": 3.3063652515411377, 
    "WH_ALT0L1f05ph0_125_2016postVFP": 1.3991436958312988, 
    "VBF_ALT_L1f05_125_2016preVFP": 4.805684566497803, 
    "GG2H_130_2016postVFP": 57.70191192626953, 
    "VBF_130_2017": 5.092952251434326, 
    "WMINUSH2HQQ_125_2016preVFP": 1.0664012432098389, 
    "ZH_ALT0L1f05ph0_125_2016postVFP": 0.8501898050308228, 
    "VBF_ALT_0Mf05_125_2016preVFP": 4.918069362640381, 
    "VBF_ALT_0M_125_2017": 4.236538410186768, 
    "WMINUSH2HQQ_120_2018": 1.0289227962493896, 
    "ZH_ALT0M_125_2018": 1.186974048614502, 
    "GG2H_120_2016preVFP": 75.80400848388672, 
    "ZH_ALT0L1_125_2018": 0.9695231914520264, 
    "wh_ALT_0Mf05_125_2016preVFP": 1.91534423828125, 
    "QQ2HLL_125_2016postVFP": 1.3691455125808716, 
    "ZH_ALT0Mf05ph0_125_2018": 1.3183611631393433, 
    "ZH_ALT0L1_125_2017": 0.9102658033370972, 
    "VBF_ALT_L1f05_125_2018": 4.214972019195557, 
    "TTH_120_2016postVFP": 0.7083141207695007, 
    "VBF_ALT_0PHf05_125_2018": 4.778690814971924, 
    "VBF_ALT_0PHf05_125_2017": 4.55863094329834, 
    "VBF_ALT_0Mf05_125_2017": 4.397775173187256, 
    "QQ2HLL_130_2016postVFP": 1.359933614730835, 
    "VBF_ALT_L1f05_125_2017": 4.214972019195557, 
    "ZH_ALT0PH_125_2017": 1.179024338722229, 
    "QQ2HLL_125_2016preVFP": 1.3832674026489258, 
    "TTH_125_2018": 0.6254857182502747, 
    "WH_ALT0PHf05ph0_125_2016preVFP": 1.6441869735717773, 
    "WMINUSH2HQQ_125_2018": 1.0683207511901855, 
    "ZH_ALT0Mf05ph0_125_2016preVFP": 1.2525018453598022, 
    "WPLUSH2HQQ_120_2018": 1.1304855346679688, 
    "GG2H_130_2018": 59.57413864135742, 
    "VBF_120_2018": 5.176122188568115, 
    "VBF_120_2017": 5.114029407501221, 
    "WPLUSH2HQQ_120_2017": 1.1038929224014282, 
    "WH_ALT0L1f05ph0_125_2016preVFP": 1.5370222330093384, 
    "TTH_130_2016preVFP": 0.5637041926383972, 
    "VBF_ALT_L1_125_2018": 3.8837289810180664, 
    "WPLUSH2HQQ_120_2016postVFP": 0.7396562099456787, 
    "VBF_ALT_L1Zgf05_125_2016preVFP": 4.43612813949585, 
    "GG2H_125_2016postVFP": 64.8388442993164, 
    "VBF_130_2016preVFP": 5.0064377784729, 
    "wh_ALT_L1_125_2016postVFP": 1.459783673286438, 
    "WH_ALT0PHf05ph0_125_2017": 1.7229928970336914, 
    "ZH_ALT0M_125_2016postVFP": 1.1783111095428467, 
    "WH_ALT0PH_125_2016postVFP": 1.9622939825057983, 
    "WH_ALT0PHf05ph0_125_2016postVFP": 1.713988184928894, 
    "ZH_ALT0Mf05ph0_125_2016postVFP": 1.1920608282089233, 
    "ZH_ALT0L1Zg_125_2016preVFP": 0.8777278065681458, 
    "GG2H_120_2017": 69.56082153320312, 
    "GG2H_120_2018": 75.45105743408203, 
    "ZH_ALT0PH_125_2016postVFP": 1.2513394355773926, 
    "VBF_ALT_0M_125_2016preVFP": 3.82059907913208, 
    "QQ2HLL_125_2018": 1.3792426586151123, 
    "VBF_ALT_0PHf05_125_2016postVFP": 4.176018238067627, 
    "wh_ALT_0M_125_2016preVFP": 1.763871669769287, 
    "GG2H_125_2017": 69.89240264892578, 
    "ZH_ALT0L1Zgf05ph0_125_2017": 0.976284921169281, 
    "GG2H_120_2016postVFP": 63.098838806152344, 
    "ZH_ALT0L1Zg_125_2017": 0.9236503839492798, 
    "GG2H_125_2016preVFP": 69.89240264892578, 
    "VBF_ALT_0M_125_2018": 4.625398635864258, 
    "GG2H_130_2016preVFP": 64.27923583984375, 
    "ZH_ALT0L1f05ph0_125_2016preVFP": 0.9946238994598389, 
    "ZH_ALT0L1Zgf05ph0_125_2016postVFP": 1.160673975944519, 
    "WPLUSH2HQQ_130_2016postVFP": 0.9054625630378723, 
    "TTH_130_2017": 0.6188207268714905, 
    "TTH_130_2016postVFP": 0.5637041926383972, 
    "QQ2HLL_130_2017": 1.3656038045883179, 
    "QQ2HLL_130_2018": 1.2726795673370361, 
    "VBF_ALT_L1_125_2017": 3.913494825363159, 
    "TTH_130_2018": 0.6188207268714905, 
    "GG2H_130_2017": 61.662357330322266, 
    "wh_ALT_L1_125_2016preVFP": 1.459783673286438, 
    "ZH_ALT0L1f05ph0_125_2018": 0.8950009942054749, 
    "ZH_ALT0L1f05ph0_125_2017": 0.8552485704421997, 
    "ZH_ALT0PH_125_2018": 1.245112657546997, 
    "WPLUSH2HQQ_130_2018": 1.1194560527801514, 
    "ZH_ALT0PHf05ph0_125_2016preVFP": 1.035818338394165, 
    "VBF_ALT_0PH_125_2016preVFP": 3.8884999752044678, 
    "WPLUSH2HQQ_130_2017": 1.0922507047653198, 
    "ZH_ALT0L1Zg_125_2016postVFP": 0.9148343801498413, 
    "wh_ALT_L1_125_2018": 1.3744580745697021, 
    "VBF_ALT_L1f05_125_2016postVFP": 4.348669052124023, 
    "WMINUSH2HQQ_120_2017": 1.0489352941513062, 
    "wh_ALT_L1_125_2017": 1.4123969078063965, 
    "WMINUSH2HQQ_130_2018": 0.8915627598762512, 
    "WPLUSH2HQQ_125_2016preVFP": 1.0881699323654175, 
    "VBF_ALT_L1Zg_125_2016preVFP": 4.077937126159668, 
    "VBF_ALT_0PH_125_2016postVFP": 4.117892742156982, 
    "VBF_ALT_L1Zg_125_2016postVFP": 3.6402816772460938, 
    "ZH_ALT0PHf05ph0_125_2016postVFP": 1.1144261360168457, 
    "WMINUSH2HQQ_130_2017": 1.0346907377243042, 
    "WH_ALT0L1f05ph0_125_2017": 1.31551992893219, 
    "ZH_ALT0L1_125_2016preVFP": 0.9621473550796509, 
    "WH_ALT0L1f05ph0_125_2018": 1.5759902000427246, 
    "TTH_120_2016preVFP": 0.7795042991638184, 
    "VBF_125_2017": 5.257660865783691, 
    "ZH_ALT0L1_125_2016postVFP": 0.9334370493888855, 
    "WMINUSH2HQQ_130_2016preVFP": 0.7694205045700073, 
    "TTH_125_2017": 0.6987448930740356, 
    "VBF_130_2018": 4.993570327758789, 
    "VBF_125_2018": 1.6449321508407593, 
    "ZH_ALT0Mf05ph0_125_2017": 1.107650876045227, 
    "wh_ALT_0M_125_2017": 1.8232421875, 
    "VBF_130_2016postVFP": 5.134899139404297, 
    "VBF_ALT_0Mf05_125_2016postVFP": 3.890061616897583, 
    "WPLUSH2HQQ_130_2016preVFP": 1.117303729057312, 
    "WMINUSH2HQQ_125_2016postVFP": 1.0200529098510742,